images,x1,y1,x2,y2
image_0001.png,56.33974,134.08511,81.467964,382.43484
image_0002.png,56.636936,131.06776,30.92523,381.37665
image_0003.png,58.101753,142.12364,81.656784,382.81863
image_0004.png,55.08312,138.03316,30.624857,379.72244
image_0005.png,58.50473,143.67796,81.352,382.3659
image_0006.png,54.15946,142.07619,30.489286,378.58438
image_0007.png,59.30053,146.71014,80.44885,381.71332
image_0008.png,53.311913,145.63495,30.084055,377.08398
image_0009.png,54.09892,121.9931,80.74762,380.79932
image_0010.png,58.9637,119.8705,31.911652,382.72906
image_0011.png,60.11794,150.03485,79.70642,381.62445
image_0012.png,53.10741,146.5318,29.913462,376.71747
image_0013.png,54.17236,121.96535,81.03168,381.14038
image_0014.png,59.084877,119.41905,31.486237,383.47916
image_0015.png,56.06334,132.62546,81.30755,382.14603
image_0016.png,57.42884,127.475,30.813496,382.51727
image_0017.png,54.477577,124.01927,80.70458,380.8649
image_0018.png,56.84865,130.09146,31.161135,381.33694
image_0019.png,56.375626,134.56596,81.1729,382.10648
image_0020.png,55.123985,137.85843,30.76128,379.62082
image_0021.png,56.600037,135.88165,81.16224,382.19058
image_0022.png,54.96307,138.57845,30.627785,379.56912
image_0023.png,57.91445,141.36807,81.22367,382.23154
image_0024.png,55.331177,136.92923,30.70334,379.96005
image_0025.png,56.29892,134.05545,81.24211,382.15524
image_0026.png,57.40511,127.52917,31.183922,382.01297
image_0027.png,55.531258,129.85254,81.006424,381.59586
image_0028.png,56.39313,132.13913,31.349312,380.5383
image_0029.png,57.6404,140.55615,77.75913,382.23856
image_0030.png,54.912895,138.81612,31.009188,379.05902
image_0031.png,53.983315,120.92299,81.067444,381.12265
image_0032.png,58.550858,122.01714,31.392681,383.0511
image_0033.png,55.941612,134.19261,31.00496,380.39618
image_0034.png,54.721245,125.16629,81.00466,381.30447
image_0035.png,54.605694,124.141815,81.407104,381.73593
image_0036.png,58.358547,122.93287,31.503294,382.7114
image_0037.png,55.386017,128.65997,81.40255,382.00955
image_0038.png,56.248528,132.82387,31.026733,380.77463
image_0039.png,57.193226,138.54443,81.0251,382.0101
image_0040.png,54.77223,139.43604,30.871382,379.02774
image_0041.png,56.6366,136.14902,81.10266,382.13724
image_0042.png,54.091827,142.46161,30.037592,379.0949
image_0043.png,54.105324,121.6101,81.01634,381.10037
image_0044.png,58.422874,122.64855,31.346956,382.9818
image_0045.png,56.132923,133.42052,80.87857,381.66656
image_0046.png,56.122856,133.35664,31.685598,379.79514
image_0047.png,56.50262,134.93382,81.575905,382.6295
image_0048.png,55.856262,134.5796,31.025465,380.26477
image_0049.png,61.111595,153.86247,80.98467,382.79953
image_0050.png,52.384613,149.588,28.989708,376.26987
image_0051.png,55.71278,131.14091,80.73382,381.34036
image_0052.png,54.254486,141.56854,31.533283,376.9518
image_0053.png,53.7502,119.64857,81.13947,381.137
image_0054.png,59.47103,117.34289,31.781485,383.2769
image_0055.png,56.9878,137.75331,81.12177,382.17795
image_0056.png,56.84188,130.06651,31.913088,380.37674
image_0057.png,54.310646,122.627365,81.18839,381.37378
image_0058.png,58.47115,122.358284,31.619926,382.6679
image_0059.png,54.455826,123.705185,80.918884,381.10895
image_0060.png,59.871685,115.336945,31.729933,383.5596
image_0061.png,53.72789,119.67061,80.99559,381.00888
image_0062.png,59.698257,116.160774,31.989077,383.07846
image_0063.png,56.623165,135.85318,81.3393,382.40616
image_0064.png,54.759842,139.47957,29.963518,380.08856
image_0065.png,55.912056,131.7295,81.34468,382.13376
image_0066.png,54.298386,141.54494,30.161753,379.2326
image_0067.png,60.023632,149.62236,82.046104,383.22687
image_0068.png,52.232746,150.25961,28.93219,375.81995
image_0069.png,61.377033,155.86505,82.5447,381.87598
image_0070.png,51.816193,152.09897,28.658411,374.8985
image_0071.png,53.811573,119.95269,81.14082,381.15576
image_0072.png,59.19122,118.75307,31.72332,383.14883
image_0073.png,53.88431,120.24095,81.1887,381.2295
image_0074.png,59.28246,118.26514,31.871746,383.00644
image_0075.png,54.3715,123.06254,81.09456,381.28528
image_0076.png,57.035404,129.24072,31.290075,381.40756
image_0077.png,57.230473,138.69199,81.06348,382.06064
image_0078.png,55.298374,137.08937,31.884706,378.51807
image_0079.png,53.753872,119.63236,81.161644,381.1627
image_0080.png,59.413204,117.6366,31.733725,383.29617
image_0081.png,55.178974,127.91205,80.89398,381.3379
image_0082.png,57.9133,125.12785,31.358776,382.42944
image_0083.png,53.69569,119.46544,81.077545,381.05603
image_0084.png,57.946796,125.004654,31.13188,382.76022
image_0085.png,54.42055,123.37863,81.057396,381.25922
image_0086.png,58.915455,120.253746,31.402298,383.41504
image_0087.png,53.89846,120.43504,81.108955,381.14502
image_0088.png,60.084625,114.214516,31.711554,383.64383
image_0089.png,56.404118,134.97906,80.90336,381.80554
image_0090.png,56.885338,129.87717,31.740168,380.64536
image_0091.png,61.49752,155.98361,83.17796,382.80585
image_0092.png,51.916653,151.71855,29.01655,374.20758
image_0093.png,55.5783,130.05733,81.08227,381.70178
image_0094.png,57.6004,126.57044,31.487728,381.86725
image_0095.png,61.13015,153.84384,81.92428,383.36038
image_0096.png,51.85623,151.91739,28.685875,374.98257
image_0097.png,55.168625,127.45396,81.34363,381.86264
image_0098.png,57.87031,125.35385,31.19543,382.5844
image_0099.png,53.763725,119.90885,80.97615,380.98505
image_0100.png,59.9029,115.05866,31.987886,383.11676
image_0101.png,58.099133,142.11903,81.751755,382.95078
image_0102.png,54.589275,140.24373,30.040346,379.77307
image_0103.png,59.776505,148.54721,81.186295,382.36606
image_0104.png,53.96564,142.90714,30.21623,378.62396
image_0105.png,56.135204,133.29611,81.02901,381.84302
image_0106.png,56.26272,132.81734,30.270187,381.74106
image_0107.png,54.877617,126.2062,80.85157,381.18027
image_0108.png,55.579067,135.82191,31.4772,379.36353
image_0109.png,55.560547,129.95161,81.08568,381.6994
image_0110.png,57.580925,126.66179,31.485353,381.84564
image_0111.png,61.637043,158.11674,84.480125,380.6305
image_0112.png,52.49759,149.11378,29.206984,376.14166
image_0113.png,56.077286,132.88489,81.11022,381.9186
image_0114.png,57.49498,127.06216,31.502533,381.71405
image_0115.png,54.054035,121.40554,80.98373,381.04956
image_0116.png,58.639275,121.45591,32.03568,382.2722
image_0117.png,56.338703,134.08,81.46679,382.43295
image_0118.png,57.13117,128.81322,31.147646,381.71152
image_0119.png,53.75492,119.624245,81.17028,381.17258
image_0120.png,59.71584,116.14974,31.611132,383.6868
image_0121.png,53.751778,119.616516,81.16515,381.166
image_0122.png,59.722427,116.110146,31.642475,383.6396
image_0123.png,55.71284,130.59279,81.34569,382.06104
image_0124.png,57.003708,129.42255,30.91436,381.851
image_0125.png,55.446693,129.33682,81.034966,381.5994
image_0126.png,55.649216,135.49779,31.100237,379.8962
image_0127.png,57.91347,141.35892,81.130035,382.10168
image_0128.png,55.027363,138.30777,31.070982,379.13913
image_0129.png,59.49833,149.9803,71.60084,376.64612
image_0130.png,54.030807,142.51785,30.693321,378.06702
image_0131.png,53.828693,120.27451,80.98826,380.9911
image_0132.png,59.006546,119.792496,31.512453,383.36368
image_0133.png,56.614212,135.5909,81.5677,382.6676
image_0134.png,55.109222,137.92517,30.148674,380.33447
image_0135.png,53.93225,120.58627,81.1203,381.16705
image_0136.png,59.08902,119.38432,31.558813,383.38724
image_0137.png,56.32631,133.91373,81.56933,382.54782
image_0138.png,55.978233,134.03758,30.878647,380.60303
image_0139.png,60.033386,149.62016,81.9442,383.0898
image_0140.png,52.97357,146.96138,29.137762,378.19498
image_0141.png,53.817528,120.003044,81.12747,381.14267
image_0142.png,59.290745,118.24452,31.726912,383.20874
image_0143.png,54.125916,122.00858,80.82524,380.8934
image_0144.png,56.893356,129.87785,31.267933,381.2546
image_0145.png,57.911,141.34225,81.0327,381.9656
image_0146.png,55.95963,134.09323,31.704803,379.5663
image_0147.png,57.528397,139.94025,81.724014,382.98737
image_0148.png,54.133114,142.29364,29.970585,379.24866
image_0149.png,53.617493,118.86463,81.21802,381.18683
image_0150.png,59.547905,116.93116,31.949383,383.082
image_0151.png,57.470222,139.70642,81.651054,382.88882
image_0152.png,53.983265,142.9643,29.769545,379.2885
image_0153.png,58.712772,144.5214,81.88125,383.0862
image_0154.png,54.154015,142.20778,29.933954,379.3294
image_0155.png,55.06653,127.43927,80.692635,381.06082
image_0156.png,55.39857,136.63052,31.14,379.52954
image_0157.png,61.025494,153.43929,82.41682,383.67197
image_0158.png,53.719116,143.99963,29.714214,378.8831
image_0159.png,54.288654,123.06582,80.66566,380.76132
image_0160.png,57.315372,127.81612,32.27953,380.50345
image_0161.png,60.82055,152.76472,80.37538,382.31747
image_0162.png,52.894745,147.28896,28.947943,378.34674
image_0163.png,56.454,134.82567,81.38561,382.38745
image_0164.png,57.147903,128.77753,30.87483,382.08475
image_0165.png,61.36388,155.32422,82.32541,382.64053
image_0166.png,51.886555,151.74919,28.532694,375.50598
image_0167.png,55.643623,129.9909,81.57448,382.30478
image_0168.png,57.16527,128.65225,31.162828,381.7354
image_0169.png,61.34732,155.21092,82.21072,382.67114
image_0170.png,51.9247,151.57768,28.539093,375.63968
image_0171.png,61.36388,155.32422,82.32541,382.64053
image_0172.png,51.886555,151.74919,28.532694,375.50598
image_0173.png,57.790943,140.89293,81.36019,382.42892
image_0174.png,55.453606,136.38422,31.102444,379.64694
image_0175.png,59.31162,146.73991,80.7027,381.87805
image_0176.png,52.758865,147.98994,29.361908,376.7815
image_0177.png,57.57932,140.06686,81.322754,382.39392
image_0178.png,55.056847,138.15184,30.355644,380.011
image_0179.png,56.62304,135.779,81.41962,382.4994
image_0180.png,55.365036,136.78253,30.375217,380.40155
image_0181.png,61.27558,155.4442,81.91958,381.61545
image_0182.png,53.63255,144.19836,30.150255,378.0979
image_0183.png,53.778576,119.96049,81.02985,381.0231
image_0184.png,58.93066,120.20513,31.274324,383.6001
image_0185.png,56.361786,134.34369,81.32694,382.27957
image_0186.png,54.966663,138.56604,30.528254,379.69608
image_0187.png,56.984917,137.74733,81.0007,382.00494
image_0188.png,56.533012,131.51811,31.191402,380.91187
image_0189.png,60.450085,151.24936,80.76109,382.38254
image_0190.png,52.61586,148.64249,29.51571,375.79813
image_0191.png,56.57627,135.6608,81.25144,382.28403
image_0192.png,56.109062,133.48332,30.345491,381.43585
image_0193.png,55.572044,129.9992,81.106766,381.72858
image_0194.png,55.06306,138.13402,30.515745,379.83716
image_0195.png,53.80201,120.10174,81.01402,381.01212
image_0196.png,57.525322,127.04781,30.640892,382.8562
image_0197.png,55.93233,131.95126,81.22789,382.0037
image_0198.png,55.675026,135.40392,30.634201,380.50684
image_0199.png,56.058784,132.55678,81.356155,382.2015
image_0200.png,55.70145,135.28412,30.96967,380.13968
image_0201.png,56.07036,132.89705,81.054214,381.8499
image_0202.png,55.131954,137.82487,31.18926,379.1206
image_0203.png,935.54517,418.94458,465.047,3740.7156
image_0204.png,59.825146,115.56819,31.752205,383.50592
image_0205.png,53.92338,120.96198,80.842926,380.85983
image_0206.png,59.811718,115.6351,31.765661,383.4806
image_0207.png,54.826283,125.46361,81.355446,381.75406
image_0208.png,58.007492,124.6991,31.277897,382.6505
image_0209.png,56.77956,136.65282,81.456856,382.61005
image_0210.png,54.811512,139.24973,30.470423,379.55133
image_0211.png,56.495953,134.9359,81.53225,382.57587
image_0212.png,58.303123,123.28242,31.147598,383.1339
image_0213.png,55.786118,131.13423,81.207855,381.92596
image_0214.png,56.16165,133.22792,30.791576,380.957
image_0215.png,58.055782,141.93492,81.499855,382.604
image_0216.png,55.033802,138.28119,31.317545,378.8545
image_0217.png,57.50001,139.81665,81.64425,382.8728
image_0218.png,55.257683,137.25551,30.55846,380.0343
image_0219.png,61.166897,154.0314,81.499084,383.1251
image_0220.png,54.652607,139.9832,30.23537,379.64532
image_0221.png,56.36914,134.35965,81.35576,382.31647
image_0222.png,55.74618,135.06845,30.979124,380.1725
image_0223.png,59.150063,146.21812,81.68465,382.78317
image_0224.png,52.79822,147.80626,29.344069,376.9847
image_0225.png,55.633812,130.2712,81.20082,381.8614
image_0226.png,55.496094,136.21242,30.909624,379.95068
image_0227.png,54.91432,126.28345,81.00574,381.37454
image_0228.png,54.27618,141.4409,31.107975,377.9134
image_0229.png,61.182114,155.97339,81.668724,379.85464
image_0230.png,59.2606,118.43534,31.625322,383.3472
image_0231.png,54.586014,124.27268,81.12943,381.40295
image_0232.png,57.72985,126.01589,31.167725,382.44452
image_0233.png,56.41961,134.81401,81.18125,382.13513
image_0234.png,54.773426,139.41957,30.466002,379.50592
image_0235.png,58.837494,144.96877,81.29405,382.26514
image_0236.png,54.876682,138.95862,30.400219,379.72156
image_0237.png,59.71397,148.28595,81.41935,382.48746
image_0238.png,53.896896,143.33339,29.526407,379.44858
image_0239.png,56.43373,134.76949,81.319336,382.30167
image_0240.png,55.78507,134.92874,30.207836,381.17523
image_0241.png,57.0385,137.88829,81.56136,382.78864
image_0242.png,55.129642,137.82773,30.314133,380.15775
image_0243.png,57.285763,138.96106,81.53128,382.73645
image_0244.png,55.99117,133.9508,32.11502,379.11563
image_0245.png,58.571148,143.94205,81.39182,382.41867
image_0246.png,53.484642,144.92851,29.633541,378.57162
image_0247.png,56.721607,136.20155,81.58247,382.73114
image_0248.png,54.691803,139.7972,30.302668,379.60608
image_0249.png,53.845528,120.25402,81.055786,381.0708
image_0250.png,56.28391,132.71785,30.325714,381.6987
image_0251.png,54.667187,124.648415,81.2368,381.55783
image_0252.png,56.805435,130.31015,30.92376,381.58783
image_0253.png,54.15218,121.71933,81.17786,381.30493
image_0254.png,58.794666,120.79922,31.59702,383.03262
image_0255.png,56.36981,134.17963,81.55532,382.54865
image_0256.png,57.114964,128.9527,30.683426,382.2887
image_0257.png,57.0208,137.87321,81.236984,382.33704
image_0258.png,54.253483,141.61185,30.834473,378.26395
image_0259.png,59.643154,148.11122,81.75169,382.84808
image_0260.png,54.54652,140.44928,30.310492,379.40585
image_0261.png,58.56465,143.9162,81.42106,382.45773
image_0262.png,55.28452,137.13647,30.672863,379.93375
image_0263.png,56.560863,136.02966,80.45834,381.9096
image_0264.png,57.543655,126.657646,32.895702,379.9904
image_0265.png,56.780396,136.8226,81.27744,382.4025
image_0266.png,59.584995,147.80222,81.53157,382.5446
image_0267.png,53.387436,145.28836,29.582748,378.43497
image_0268.png,53.766678,119.82184,81.08085,381.07648
image_0269.png,59.185333,118.92373,31.458582,383.60104
image_0270.png,59.134308,146.17223,81.95677,383.1617
image_0271.png,52.77503,147.86429,29.1023,377.5245
image_0272.png,56.803825,136.78517,81.46616,382.63138
image_0273.png,53.09724,146.44354,29.304716,378.24927
image_0274.png,56.63569,135.89568,81.3723,382.44983
image_0275.png,56.347187,132.43387,30.365341,381.73203
image_0276.png,56.442734,134.90996,81.2232,382.19366
image_0277.png,56.451416,131.91281,30.960556,381.11057
image_0278.png,58.131447,142.23181,81.527115,382.63635
image_0279.png,55.024136,138.32457,31.317247,378.84225
image_0280.png,54.337566,122.803505,81.16519,381.35617
image_0281.png,57.218575,128.35,31.577433,381.2705
image_0282.png,58.421787,143.37798,81.75783,382.93533
image_0283.png,55.192806,137.55615,31.29079,379.08292
image_0284.png,56.10587,132.7709,81.41743,382.2909
image_0285.png,56.42669,132.03455,30.813955,381.2638
image_0286.png,54.793686,125.464195,81.141785,381.49142
image_0287.png,59.1181,119.257286,31.499275,383.49698
image_0288.png,60.065964,149.6622,81.64484,382.76788
image_0289.png,51.57124,153.21622,28.636003,373.7287
image_0290.png,56.50044,134.96657,81.526665,382.57153
image_0291.png,54.737747,139.58623,30.0396,379.97598
image_0292.png,61.39466,155.48438,82.52427,382.66745
image_0293.png,53.095047,146.5112,29.122435,378.5128
image_0294.png,55.399876,144.12164,41.041958,369.2188
image_0295.png,53.9792,144.30313,32.835308,368.90036
image_0296.png,56.416206,134.6756,81.31044,382.2838
image_0297.png,56.977703,129.54433,30.874775,381.87045
image_0298.png,59.261063,146.6604,81.8114,382.9526
image_0299.png,52.83087,147.64952,29.210762,377.46753
image_0300.png,55.340843,128.46637,81.32597,381.9034
image_0301.png,57.49044,126.96849,32.446136,380.50507
image_0302.png,56.0303,132.28348,81.47874,382.33527
image_0303.png,59.529457,116.96517,32.22907,382.61728
image_0304.png,58.236835,142.65907,81.80967,383.0206
image_0305.png,54.93114,138.713,30.441988,379.74133
image_0306.png,57.931538,141.588,78.91286,382.1345
image_0307.png,55.17527,137.64561,31.060045,379.34668
image_0308.png,54.27857,122.880844,80.75277,380.85556
image_0309.png,56.85898,129.99048,31.974129,380.32602
image_0310.png,60.386276,150.90611,81.985344,383.1074
image_0311.png,54.15476,141.95009,30.998108,377.85843
image_0312.png,54.736286,125.19383,81.07191,381.38882
image_0313.png,58.9739,119.90664,31.73896,383.03043
image_0314.png,57.43939,139.54544,81.44271,382.5822
image_0315.png,54.71258,139.69693,30.403925,379.50522
image_0316.png,53.88196,120.25494,81.17197,381.2102
image_0317.png,58.53777,121.98672,31.850784,382.42233
image_0318.png,57.14195,138.37027,81.380394,382.53223
image_0319.png,56.32648,132.45074,31.251934,380.58173
image_0320.png,57.09378,138.14157,81.4791,382.67166
image_0321.png,54.910877,138.81682,29.906002,380.3681
image_0322.png,54.51657,124.2981,80.64443,380.80804
image_0323.png,56.437473,131.9083,32.347683,379.36734
image_0324.png,58.05139,141.92282,81.591835,382.73172
image_0325.png,53.656395,144.18448,29.944914,378.4518
image_0326.png,57.042217,137.91916,81.47629,382.66983
image_0327.png,54.8129,139.25394,29.898567,380.24704
image_0328.png,58.34066,143.07043,81.90116,383.14084
image_0329.png,56.31874,132.49214,31.196133,380.645
image_0330.png,56.92973,137.31007,81.68988,382.94574
image_0331.png,54.439037,140.8763,30.848026,378.56406
image_0332.png,53.980377,121.03127,80.98802,381.0335
image_0333.png,59.345352,117.93786,31.980707,382.9085
image_0334.png,58.06992,142.00433,81.73559,382.9306
image_0335.png,54.92438,138.7497,30.663273,379.47366
image_0336.png,55.94866,132.00945,81.26639,382.05508
image_0337.png,55.10589,137.94302,30.838963,379.50714
image_0338.png,60.00763,149.48965,81.83638,382.94946
image_0339.png,53.900585,143.176,30.163975,378.58276
image_0340.png,57.565945,140.00876,81.229065,382.26447
image_0341.png,58.226093,123.36572,32.984425,380.61523
image_0342.png,58.89458,145.19174,81.32536,382.30533
image_0343.png,55.279644,137.1633,30.704353,379.89447
image_0344.png,57.258614,138.8188,81.213196,382.27234
image_0345.png,53.27077,145.84325,29.243326,378.70987
image_0346.png,55.905838,131.69972,81.33927,382.125
image_0347.png,55.056545,138.16422,31.0461,379.1946
image_0348.png,59.679977,148.29454,81.87966,383.0181
image_0349.png,55.232433,137.37775,30.329773,380.2834
image_0350.png,57.607983,140.23564,81.71338,382.95645
image_0351.png,54.663876,139.91103,30.275414,379.5911
image_0352.png,56.605366,135.87994,81.19736,382.23352
image_0353.png,55.30291,137.05736,31.30299,379.20718
image_0354.png,53.802963,119.800354,81.21118,381.23154
image_0355.png,59.17457,118.90026,31.612177,383.33255
image_0356.png,57.482784,139.68988,81.30855,382.38177
image_0357.png,55.022976,138.30728,30.240936,380.10727
image_0358.png,58.383358,143.23517,81.86697,383.09033
image_0359.png,54.70713,139.72179,30.522747,379.3561
image_0360.png,58.689034,144.4212,81.74768,382.90265
image_0361.png,53.91695,142.98994,30.53113,378.07513
image_0362.png,54.45586,123.99112,80.60608,380.74207
image_0363.png,55.225227,137.41403,31.364252,379.04092
image_0364.png,56.372345,134.41574,81.31554,382.2708
image_0365.png,53.212513,146.01375,29.68485,377.7324
image_0366.png,59.566193,147.85762,81.97592,383.1562
image_0367.png,55.376053,136.74707,29.8321,381.0785
image_0368.png,58.622074,144.15752,81.70676,382.8507
image_0369.png,54.93178,138.71179,30.054266,380.2075
image_0370.png,58.880898,145.0663,81.12757,382.03964
image_0371.png,54.271023,141.49753,30.962835,378.10397
image_0372.png,53.855526,120.1386,81.16215,381.19193
image_0373.png,59.771038,115.68899,32.16367,382.77618
image_0374.png,59.990578,149.50087,82.04759,383.23004
image_0375.png,52.20887,150.37265,28.958603,375.6561
image_0376.png,60.889503,152.9389,81.36923,382.92905
image_0377.png,51.93385,151.58473,28.731432,375.17206
image_0378.png,56.302013,133.83878,81.49625,382.45316
image_0379.png,56.03606,133.78209,30.717428,380.8741
image_0380.png,55.45529,129.1368,81.31793,381.93472
image_0381.png,57.20983,128.32573,32.119373,380.57092
image_0382.png,56.50678,135.00711,81.52259,382.5692
image_0383.png,58.02914,124.43974,31.9943,381.7051
image_0384.png,57.15119,138.38644,81.074234,382.08405
image_0385.png,54.37454,141.20898,30.524315,378.90033
image_0386.png,54.309093,122.70953,81.08516,381.252
image_0387.png,58.13287,124.103836,31.286415,382.78998
image_0388.png,57.359055,139.24854,80.33951,381.9195
image_0389.png,53.60888,144.41676,30.781502,376.4234
image_0390.png,57.978764,141.64696,81.73081,382.92938
image_0391.png,55.03174,138.26588,30.431957,379.88828
image_0392.png,56.28673,133.76543,81.4799,382.42798
image_0393.png,54.306297,141.45532,31.958721,376.0809
image_0394.png,53.881187,120.2314,81.184845,381.22437
image_0395.png,59.260128,118.37937,31.847975,383.0211
image_0396.png,56.322376,134.01344,81.43615,382.39093
image_0397.png,55.4586,136.3761,30.602303,380.26434
image_0398.png,56.015694,132.23102,81.44467,382.2897
image_0399.png,54.99349,138.44792,30.996876,379.17227
image_0400.png,59.7247,148.45338,81.87293,383.00485
image_0401.png,52.31145,149.90944,28.982553,375.99734
image_0402.png,56.5627,135.32492,81.53102,382.60318
image_0403.png,56.418728,132.1119,30.370483,381.81534
image_0404.png,56.551235,135.26125,81.52778,382.59445
image_0405.png,56.431484,132.05513,30.365995,381.83707
image_0406.png,57.277195,138.92764,81.51825,382.7189
image_0407.png,54.72931,139.60986,30.161129,379.8061
image_0408.png,55.78994,131.23341,81.12329,381.82767
image_0409.png,56.482456,131.71365,31.70978,380.19638
image_0410.png,54.087357,121.64661,80.93533,381.00497
image_0411.png,57.48904,126.96482,32.641823,380.26602
image_0412.png,57.75327,140.75217,81.44942,382.5565
image_0413.png,54.568207,140.3692,30.906414,378.72626
image_0414.png,53.816402,119.931435,81.170006,381.1896
image_0415.png,59.68071,116.293205,31.779497,383.405
image_0416.png,53.99242,121.125694,80.9658,381.01224
image_0417.png,58.251637,123.530464,31.192225,383.02612
image_0418.png,54.036453,121.34657,80.96514,381.02393
image_0419.png,56.942226,129.69781,30.912056,381.7752
image_0420.png,56.2437,133.51192,81.4825,382.41537
image_0421.png,55.68893,135.36221,30.381453,380.84576
image_0422.png,54.046337,121.278275,81.04107,381.1111
image_0423.png,59.746487,115.966255,31.75173,383.47546
image_0424.png,57.99725,141.7026,81.4323,382.5146
image_0425.png,52.97694,146.96976,29.192917,378.07092
image_0426.png,56.709854,136.54095,81.1388,382.2108
image_0427.png,54.43674,140.93771,30.401384,379.14206
image_0428.png,55.493805,129.27762,81.409966,382.0566
image_0429.png,55.51903,136.09465,31.382677,379.4011
image_0430.png,53.707554,119.46622,81.11977,381.10312
image_0431.png,60.06434,114.40358,31.502531,383.99313
image_0432.png,54.92599,126.3898,80.96113,381.32635
image_0433.png,54.333763,141.31786,30.785189,378.4806
image_0434.png,53.72669,119.6285,81.077,381.06088
image_0435.png,58.277386,123.32694,31.54628,382.5771
image_0436.png,57.59741,140.1412,81.415085,382.5195
image_0437.png,53.62842,144.35432,30.993149,375.93146
image_0438.png,60.841652,152.69997,82.08843,383.35443
image_0439.png,52.24395,150.16774,28.71665,376.4323
image_0440.png,56.287254,133.95354,81.278694,382.19336
image_0441.png,55.525787,136.0699,30.646336,380.29483
image_0442.png,57.37054,139.28218,81.41542,382.55414
image_0443.png,54.964523,138.56833,30.583082,379.62085
image_0444.png,57.056675,138.02597,81.04603,382.0594
image_0445.png,55.02515,138.28883,30.715593,379.53384
image_0446.png,56.25476,133.54906,81.513176,382.45532
image_0447.png,54.49124,140.69179,30.137484,379.5355
image_0448.png,55.75302,130.9376,81.21703,381.9245
image_0449.png,56.075287,133.60953,30.805439,380.82333
image_0450.png,55.93548,131.59048,81.64533,382.49652
image_0451.png,56.329765,132.53406,30.140146,381.99448
image_0452.png,54.58659,124.34031,81.05716,381.31815
image_0453.png,57.576904,126.78004,30.82743,382.6846
image_0454.png,55.28916,118.86983,71.83742,378.03506
image_0455.png,59.015545,119.40372,32.907444,381.2794
image_0456.png,57.4485,139.62704,81.660164,382.90652
image_0457.png,55.54754,135.9761,30.291292,380.7512
image_0458.png,56.44637,135.69902,79.56169,382.07867
image_0459.png,53.70156,144.08168,31.357267,375.1422
image_0460.png,56.96473,137.60402,81.38058,382.53964
image_0461.png,56.18618,133.12993,30.570915,381.2618
image_0462.png,56.032547,133.11565,80.57236,381.2708
image_0463.png,59.3864,117.537,32.640175,381.83594
image_0464.png,54.24694,122.147606,81.31352,381.49814
image_0465.png,58.51644,122.17339,31.448582,382.9416
image_0466.png,60.351067,150.8598,82.12208,383.31735
image_0467.png,53.194298,146.05957,29.54901,378.00244
image_0468.png,54.807205,125.774506,80.87926,381.18768
image_0469.png,55.12995,137.8417,31.339651,378.94574
image_0470.png,58.51523,143.7253,81.43117,382.47653
image_0471.png,53.290497,145.71883,29.997139,377.229
image_0472.png,54.503315,123.99768,80.89918,381.10275
image_0473.png,57.588978,126.62109,31.499847,381.83624
image_0474.png,61.119736,154.5199,80.88052,381.66986
image_0475.png,52.273365,150.12851,29.11799,375.49728
image_0476.png,53.91591,120.53595,81.10011,381.13995
image_0477.png,59.105457,119.12492,31.998034,382.69458
image_0478.png,56.838852,137.03236,81.41855,382.59128
image_0479.png,55.265594,137.21764,30.463171,380.1563
image_0480.png,53.91591,120.53595,81.10011,381.13995
image_0481.png,59.105457,119.12492,31.998034,382.69458
image_0482.png,54.549984,123.899734,81.31563,381.60867
image_0483.png,58.19627,123.835526,31.055183,383.15775
image_0484.png,61.62321,157.30312,84.18076,381.85013
image_0485.png,53.404095,145.20201,29.975948,377.7292
image_0486.png,55.2211,127.77837,81.32175,381.85553
image_0487.png,55.013454,138.37134,30.844341,379.39368
image_0488.png,58.343037,143.01714,80.9567,381.83
image_0489.png,54.603607,140.16968,31.101591,378.50415
image_0490.png,58.885117,145.196,81.905334,383.10776
image_0491.png,55.02802,138.28377,30.369871,379.95883
image_0492.png,56.99394,137.70515,81.50428,382.71075
image_0493.png,53.6498,144.26912,29.698244,378.77725
image_0494.png,56.42937,135.0799,80.954956,381.8764
image_0495.png,54.643955,140.0085,30.23532,379.62097
image_0496.png,58.88082,145.10243,81.22133,382.1663
image_0497.png,54.510685,140.60304,30.764797,378.79666
image_0498.png,58.900467,145.1746,81.22037,382.16434
image_0499.png,54.46346,140.77934,30.860922,378.591
image_0500.png,61.11804,155.04752,81.04722,380.8073
image_0501.png,54.506374,140.46956,31.368345,377.9532
image_0502.png,56.670227,136.3948,81.04384,382.08243
image_0503.png,52.944687,147.17467,29.435358,377.33084
image_0504.png,53.744045,119.66367,81.10986,381.1023
image_0505.png,58.453503,122.35056,32.03803,382.07312
image_0506.png,56.250572,133.40758,81.64244,382.60608
image_0507.png,54.444855,140.814,31.005953,378.35733
image_0508.png,56.250572,133.40758,81.64244,382.60608
image_0509.png,54.444855,140.814,31.005953,378.35733
image_0510.png,56.115192,132.86095,81.37779,382.24744
image_0511.png,55.154102,137.71829,30.414043,380.07043
image_0512.png,57.500553,140.02548,78.4879,382.28476
image_0513.png,54.394394,141.02365,30.955961,378.33728
image_0514.png,56.24935,133.63351,81.385735,382.3037
image_0515.png,57.090332,128.9452,31.572557,381.11133
image_0516.png,53.9945,120.899956,81.11798,381.18207
image_0517.png,58.53256,122.10114,31.420004,382.99677
image_0518.png,53.883858,120.69736,80.847755,380.87958
image_0519.png,59.59172,116.6579,32.167713,382.7416
image_0520.png,59.679764,148.30963,82.10453,383.32755
image_0521.png,53.752693,143.80627,29.946545,378.6185
image_0522.png,59.33069,146.78395,81.26987,382.245
image_0523.png,55.161705,137.68092,30.781527,379.6375
image_0524.png,57.438374,139.50125,81.04512,382.01932
image_0525.png,53.991364,142.85104,30.058584,378.89178
image_0526.png,61.416935,157.64415,83.32035,379.3158
image_0527.png,51.908638,151.65675,28.553005,375.5404
image_0528.png,57.019104,137.8202,81.47289,382.66595
image_0529.png,55.735252,135.16096,30.050474,381.3059
image_0530.png,53.67292,119.17443,81.19666,381.1787
image_0531.png,59.10285,119.27393,31.629818,383.27237
image_0532.png,53.66451,119.26031,81.11033,381.0831
image_0533.png,59.358315,117.89011,31.866209,383.07413
image_0534.png,55.727493,131.123,80.84732,381.47946
image_0535.png,58.166164,123.728325,32.109726,381.67444
image_0536.png,56.556885,135.33926,81.47882,382.54004
image_0537.png,57.950516,124.955444,31.350512,382.4871
image_0538.png,55.130352,127.52425,81.01544,381.4633
image_0539.png,58.37846,122.83726,31.490883,382.74728
image_0540.png,54.20928,121.98908,81.24665,381.40613
image_0541.png,57.68692,126.21471,31.173912,382.38168
image_0542.png,54.20928,121.98908,81.24665,381.40613
image_0543.png,57.68692,126.21471,31.173912,382.38168
image_0544.png,54.003624,121.11124,81.01141,381.06613
image_0545.png,58.930138,120.13023,31.675158,383.0697
image_0546.png,54.072964,121.491066,80.98934,381.0611
image_0547.png,59.776283,115.83475,31.655651,383.63992
image_0548.png,54.072964,121.491066,80.98934,381.0611
image_0549.png,59.776283,115.83475,31.655651,383.63992
image_0550.png,55.941612,134.19261,31.00496,380.39618
image_0551.png,57.68655,126.24845,30.948248,382.66745
image_0552.png,53.656303,119.14807,81.16023,381.1335
image_0553.png,60.143303,113.68644,31.866137,383.3197
image_0554.png,57.0597,137.97696,81.571625,382.80197
image_0555.png,56.271786,132.77559,30.285412,381.734
image_0556.png,54.15769,121.876015,81.036385,381.14075
image_0557.png,58.527943,122.097534,31.547358,382.82196
image_0558.png,54.436848,123.74503,80.74803,380.90143
image_0559.png,59.624596,116.53661,31.983887,383.05762
image_0560.png,54.39989,123.47322,80.814064,380.96582
image_0561.png,59.4858,117.296776,31.604193,383.52936
image_0562.png,53.75414,119.606285,81.17942,381.1825
image_0563.png,59.902485,115.214264,31.552736,383.85083
image_0564.png,53.733425,119.577324,81.131256,381.12314
image_0565.png,60.081642,114.20664,31.761724,383.55414
image_0566.png,54.18076,122.08007,80.95631,381.05487
image_0567.png,59.400284,117.71666,31.630459,383.42633
image_0568.png,56.2865,134.13019,81.082115,381.9636
image_0569.png,56.092278,133.53311,30.847515,380.79483
image_0570.png,56.233433,133.49396,81.43839,382.3596
image_0571.png,57.16131,128.69379,31.011267,381.92633
image_0572.png,56.676575,135.97685,81.54253,382.66516
image_0573.png,55.508377,136.14494,30.527096,380.41183
image_0574.png,53.6193,118.962524,81.15313,381.12054
image_0575.png,59.82784,115.424866,32.06997,382.95505
image_0576.png,58.624958,144.17812,81.85237,383.0534
image_0577.png,55.23063,137.37978,30.841604,379.6634
image_0578.png,53.723373,119.5804,81.097275,381.08252
image_0579.png,59.517693,117.1022,31.8387,383.2356
image_0580.png,57.42368,139.51184,81.55705,382.75656
image_0581.png,55.071175,138.08769,30.545483,379.80273
image_0582.png,53.848583,120.4703,80.91676,380.92313
image_0583.png,59.713154,116.15093,31.668074,383.59442
image_0584.png,56.569454,135.48668,81.39915,382.45282
image_0585.png,56.0563,133.68932,30.970438,380.59662
image_0586.png,55.428402,129.41922,80.82151,381.34174
image_0587.png,57.546227,126.925224,30.808743,382.66904
image_0588.png,59.818634,148.7056,81.66393,382.70688
image_0589.png,52.88299,147.44374,29.434847,377.0834
image_0590.png,54.35306,123.262115,80.74643,380.86957
image_0591.png,55.81524,134.7482,31.736036,379.3488
image_0592.png,60.967915,153.69777,79.894714,381.5926
image_0593.png,53.320393,145.53961,29.794392,377.86633
image_0594.png,53.732178,119.66946,81.06806,381.05258
image_0595.png,59.065437,119.41899,31.736378,383.07382
image_0596.png,56.35058,134.5023,81.083084,381.99133
image_0597.png,57.071667,129.08868,31.184162,381.5903
image_0598.png,55.594215,129.83443,81.43507,382.12238
image_0599.png,55.91439,134.30972,31.299152,380.00507
image_0600.png,59.64596,148.01332,81.48813,382.50375
image_0601.png,52.628197,148.59068,29.540056,375.78186
image_0602.png,56.03875,132.33353,81.476685,382.336
image_0603.png,55.328938,136.93947,30.768484,379.87936
image_0604.png,55.781395,131.00768,81.31909,382.05515
image_0605.png,54.85832,139.04623,30.883402,379.1241
image_0606.png,61.2756,155.67249,81.984566,381.2427
image_0607.png,52.861958,147.56917,29.632496,376.4732
image_0608.png,53.794212,119.81546,81.17346,381.1872
image_0609.png,58.66452,121.381805,31.827425,382.5905
image_0610.png,60.05069,149.71841,80.16862,381.8639
image_0611.png,52.917126,147.43063,30.317438,374.76978
image_0612.png,59.366734,147.0233,81.57146,382.61615
image_0613.png,53.41473,145.16524,29.686363,378.35046
image_0614.png,57.65874,140.36781,81.19932,382.21533
image_0615.png,53.30788,145.56891,29.644049,378.1924
image_0616.png,56.1563,132.9933,81.49602,382.40085
image_0617.png,55.820374,134.75362,30.480818,380.88037
image_0618.png,55.527615,129.63486,81.22682,381.85385
image_0619.png,57.608932,126.504135,31.666382,381.6464
image_0620.png,57.90229,141.33168,81.39351,382.46915
image_0621.png,54.856915,139.06805,30.849554,379.17807
image_0622.png,54.77398,125.41329,81.0705,381.40067
image_0623.png,55.912933,134.34862,30.470488,381.02222
image_0624.png,54.4445,123.44442,81.14057,381.36536
image_0625.png,56.03115,133.82292,30.733835,380.86584
image_0626.png,59.591488,147.95517,81.952194,383.12158
image_0627.png,54.73415,139.59071,30.081635,379.91
image_0628.png,53.766254,119.92837,80.99609,380.99182
image_0629.png,58.97503,119.98022,31.329512,383.5731
image_0630.png,60.935154,153.36763,79.633415,381.82748
image_0631.png,53.747387,143.88744,29.704103,378.9425
image_0632.png,55.701355,130.86037,80.97578,381.62115
image_0633.png,53.701954,143.89247,30.290016,378.02853
image_0634.png,54.828655,125.67498,81.13233,381.4928
image_0635.png,56.063057,133.65793,30.912476,380.67365
image_0636.png,56.38562,134.39133,81.426285,382.4055
image_0637.png,57.871014,125.3083,31.46716,382.23615
image_0638.png,55.928062,131.75009,81.42237,382.2313
image_0639.png,57.583138,126.61224,31.752756,381.50195
image_0640.png,57.261425,138.87212,81.410355,382.567
image_0641.png,54.72439,139.64671,30.363346,379.57196
image_0642.png,56.594913,135.61404,81.42145,382.4894
image_0643.png,55.089874,138.00406,30.827438,379.48978
image_0644.png,56.18765,133.11333,81.56462,382.4925
image_0645.png,56.06237,133.66302,30.733145,380.88864
image_0646.png,55.809082,131.28116,81.191376,381.91507
image_0647.png,56.424725,132.04866,30.893757,381.17093
image_0648.png,54.774555,125.37263,81.12062,381.4597
image_0649.png,56.93599,129.68881,31.26187,381.3175
image_0650.png,55.588993,129.84134,81.393616,382.07172
image_0651.png,57.454998,127.306076,31.116112,382.16284
image_0652.png,59.457714,147.39108,81.66147,382.73248
image_0653.png,53.72839,143.90059,29.920668,378.6035
image_0654.png,54.05737,121.4283,80.97953,381.04578
image_0655.png,58.78944,120.64979,32.2635,382.06543
image_0656.png,56.72918,136.81818,80.12856,381.98572
image_0657.png,54.58059,140.28511,30.608978,379.07693
image_0658.png,56.87081,130.27107,30.160416,382.8022
image_0659.png,59.08547,119.29741,31.767328,383.0312
image_0660.png,56.93089,137.38336,81.617256,382.86176
image_0661.png,56.1118,133.4471,30.693823,381.00482
image_0662.png,53.592606,118.787025,81.18351,381.14453
image_0663.png,59.787575,115.80256,31.522959,383.85333
image_0664.png,60.60508,153.53928,78.293564,378.71512
image_0665.png,52.464878,149.31776,29.471817,375.31735
image_0666.png,56.323956,134.2138,81.22925,382.1498
image_0667.png,54.32676,122.93003,80.951294,381.101
image_0668.png,55.69726,130.65227,81.180984,381.8614
image_0669.png,58.87289,120.35707,31.909365,382.69583
image_0670.png,55.036015,126.75026,81.27316,381.73227
image_0671.png,58.17472,123.69165,32.102577,381.6962
image_0672.png,55.71386,130.89923,81.01198,381.66837
image_0673.png,55.3301,136.9332,30.54938,380.14197
image_0674.png,60.555668,151.58298,81.87244,383.10455
image_0675.png,54.30948,141.49751,30.27607,379.11063
image_0676.png,57.444668,139.53658,81.23389,382.2806
image_0677.png,53.538174,144.80109,29.363625,379.05267
image_0678.png,59.18181,146.34865,81.8292,382.97986
image_0679.png,52.992542,146.91713,29.288662,377.88672
image_0680.png,55.20963,128.143,80.83383,381.27808
image_0681.png,54.93466,138.70543,31.044659,379.03204
image_0682.png,57.485004,139.74586,81.57636,382.77405
image_0683.png,55.422558,136.51598,30.604568,380.19397
image_0684.png,56.835403,137.06924,81.24853,382.36072
image_0685.png,54.15519,142.17621,30.20492,378.9804
image_0686.png,54.998627,126.474174,81.340385,381.79797
image_0687.png,55.209553,137.47144,30.752598,379.73953
image_0688.png,57.18866,138.57428,81.294304,382.40662
image_0689.png,54.534824,140.48914,30.672146,378.93658
image_0690.png,59.496094,147.52754,81.64429,382.70886
image_0691.png,54.440998,140.91129,30.154377,379.44135
image_0692.png,53.63786,119.08368,81.12656,381.10165
image_0693.png,59.919537,115.11446,31.624191,383.74475
image_0694.png,55.159428,127.86917,80.8147,381.2377
image_0695.png,59.115532,119.09767,31.85325,382.90118
image_0696.png,55.082554,127.09694,81.18539,381.64584
image_0697.png,58.64718,121.47011,31.807638,382.59924
image_0698.png,56.512062,135.43216,81.09485,382.07468
image_0699.png,54.80985,139.26892,30.883522,379.06564
image_0700.png,57.031403,137.8801,81.44281,382.62363
image_0701.png,56.656876,137.24902,73.46163,382.532
image_0702.png,53.659973,119.101036,81.20222,381.18127
image_0703.png,59.744484,115.99266,31.670538,383.60367
image_0704.png,56.59937,135.6048,81.45871,382.53455
image_0705.png,56.3268,132.44272,31.261608,380.56516
image_0706.png,54.34443,122.78838,81.22776,381.43207
image_0707.png,59.558247,116.89924,31.841383,383.25684
image_0708.png,54.34443,122.78838,81.22776,381.43207
image_0709.png,59.558247,116.89924,31.841383,383.25684
image_0710.png,53.717804,119.320206,81.24685,381.24716
image_0711.png,59.15561,119.00916,31.598606,383.34836
image_0712.png,53.88845,120.58573,80.97991,380.99857
image_0713.png,59.292255,118.24766,31.666754,383.29276
image_0714.png,56.012127,132.137,81.52602,382.38428
image_0715.png,57.66637,126.28031,31.363073,382.11157
image_0716.png,60.149685,109.48701,35.062943,370.7568
image_0717.png,59.97102,113.89884,32.573746,381.6657
image_0718.png,60.160484,150.05981,81.22911,382.54358
image_0719.png,52.532673,148.97491,29.258106,376.15
image_0720.png,54.14565,121.68658,81.17249,381.2962
image_0721.png,59.243668,118.458046,31.867653,382.98123
image_0722.png,56.14138,132.82773,81.581116,382.49625
image_0723.png,54.285088,141.60799,30.301498,379.04785
image_0724.png,57.347225,139.1554,81.20502,382.24832
image_0725.png,55.07674,138.08124,31.329584,378.88907
image_0726.png,54.2425,122.318474,81.0917,381.23593
image_0727.png,58.58693,121.808426,31.568464,382.85544
image_0728.png,56.67609,136.1594,81.340485,382.43054
image_0729.png,56.311905,132.5867,30.405716,381.63553
image_0730.png,55.92759,131.78069,81.38613,382.1883
image_0731.png,54.92285,138.75444,30.017622,380.2421
image_0732.png,58.047554,141.90044,81.4596,382.54868
image_0733.png,54.15012,142.13618,30.407558,378.6834
image_0734.png,60.894665,153.10548,79.95505,382.10724
image_0735.png,53.12659,146.41782,29.755436,377.21283
image_0736.png,58.27733,142.81882,81.828026,383.04367
image_0737.png,53.060104,146.61838,29.33941,378.0171
image_0738.png,59.813297,148.78098,81.87492,383.0042
image_0739.png,53.122845,146.46016,28.971464,378.79257
image_0740.png,54.07188,121.37682,81.05921,381.1386
image_0741.png,59.63937,116.46054,31.989273,383.055
image_0742.png,56.439465,134.68468,81.44707,382.4525
image_0743.png,53.781136,143.69832,29.919641,378.70236
image_0744.png,57.147793,138.38841,81.41349,382.57794
image_0745.png,55.680264,135.36388,31.246851,379.76685
image_0746.png,57.90703,141.36461,81.68012,382.8647
image_0747.png,57.28859,128.0485,31.350386,381.64944
image_0748.png,60.427414,151.09406,81.59788,382.88315
image_0749.png,54.54227,140.46468,30.351406,379.3464
image_0750.png,59.880672,149.06021,81.955414,383.11005
image_0751.png,54.450375,140.86896,29.772993,379.9127
image_0752.png,59.43043,147.1706,81.36253,382.3408
image_0753.png,53.788002,143.75806,29.637465,379.11923
image_0754.png,54.35175,123.76291,80.39081,380.48282
image_0755.png,55.24655,137.31277,31.321098,379.11462
image_0756.png,54.67844,124.90141,81.024254,381.31216
image_0757.png,55.432755,136.4704,30.840061,379.92584
image_0758.png,55.839825,131.46274,81.18391,381.9178
image_0759.png,56.26825,132.77103,30.540098,381.41208
image_0760.png,55.985336,132.18584,81.3026,382.1113
image_0761.png,55.461952,136.36917,30.012178,380.98193
image_0762.png,55.40084,128.77882,81.36625,381.97205
image_0763.png,56.595276,131.24803,31.075754,381.13647
image_0764.png,59.47974,147.53424,82.20372,383.47916
image_0765.png,52.793457,147.75377,29.012688,377.82126
image_0766.png,53.794083,119.978,81.06815,381.0701
image_0767.png,60.008183,114.62375,31.725508,383.60907
image_0768.png,56.0931,133.01427,81.06997,381.8765
image_0769.png,55.332035,136.93138,30.36373,380.37292
image_0770.png,56.610725,135.79759,81.320656,382.37918
image_0771.png,54.534855,140.52153,30.797594,378.8163
image_0772.png,54.790367,125.59466,80.97175,381.29053
image_0773.png,56.581963,131.34575,30.67174,381.63593
image_0774.png,59.641445,148.16039,82.126205,383.35965
image_0775.png,52.959282,147.06822,29.29562,377.74054
image_0776.png,60.173542,150.17043,82.029175,383.1996
image_0777.png,52.51027,149.00418,28.860617,377.115
image_0778.png,53.659435,119.04565,81.23624,381.21887
image_0779.png,58.635876,121.54201,31.726814,382.6976
image_0780.png,58.805813,144.88559,81.891174,383.0937
image_0781.png,52.40447,149.45763,28.743893,377.00137
image_0782.png,61.022182,153.48315,81.19651,382.88306
image_0783.png,53.480167,144.86604,29.873812,378.21198
image_0784.png,54.05728,121.765594,80.76077,380.8022
image_0785.png,58.55129,121.9446,31.74533,382.58063
image_0786.png,54.154446,122.12169,80.84389,380.92215
image_0787.png,58.9685,119.76144,32.27751,382.19058
image_0788.png,55.437134,129.20898,81.11736,381.69275
image_0789.png,57.795704,125.68811,31.288782,382.37103
image_0790.png,60.59431,151.86194,80.40148,382.23605
image_0791.png,52.743935,148.21631,30.224546,374.12576
image_0792.png,54.643078,124.63929,81.08873,381.37537
image_0793.png,59.41305,117.66272,31.57047,383.5181
image_0794.png,61.53696,157.19334,83.719185,381.20554
image_0795.png,52.402367,149.46613,28.707005,377.0924
image_0796.png,60.881886,152.89758,81.48205,382.99213
image_0797.png,52.57018,148.79865,29.148811,376.5922
image_0798.png,58.21794,142.55148,81.20854,382.18826
image_0799.png,54.72665,139.6343,30.447037,379.4725
image_0800.png,55.03273,126.70666,81.300026,381.7628
image_0801.png,58.63739,121.53717,31.708065,382.72226
image_0802.png,61.50839,156.84201,83.47672,381.50797
image_0803.png,51.86405,151.90732,28.777796,374.77493
image_0804.png,59.07833,145.8916,81.38591,382.37943
image_0805.png,53.27139,145.77658,29.409029,378.45834
image_0806.png,58.700577,144.4704,81.81494,382.99545
image_0807.png,53.70307,143.92719,30.139938,378.23898
image_0808.png,59.883423,149.03754,81.85988,382.98376
image_0809.png,52.301353,149.90154,28.612913,376.9381
image_0810.png,59.942158,149.26491,81.88842,383.01984
image_0811.png,52.391754,149.49913,28.634998,377.23892
image_0812.png,57.172745,138.49191,81.43247,382.60327
image_0813.png,54.260284,141.69577,30.458183,378.81018
image_0814.png,56.328625,134.17426,81.300644,382.2351
image_0815.png,55.33562,136.90697,30.978567,379.63474
image_0816.png,59.797783,148.73462,81.89101,383.02966
image_0817.png,59.849804,115.26105,32.164482,382.78964
image_0818.png,60.34278,150.88297,82.27788,383.5235
image_0819.png,53.00402,146.83986,29.123222,378.32123
image_0820.png,57.488182,139.77344,81.64953,382.8829
image_0821.png,53.848442,143.46332,29.85136,378.92624
image_0822.png,54.03631,121.2074,81.05415,381.12292
image_0823.png,59.592407,116.69414,32.00896,383.00452
image_0824.png,56.705288,136.16142,81.522896,382.6548
image_0825.png,54.65628,139.95386,30.613419,379.18256
image_0826.png,58.292458,142.86356,81.584496,382.70447
image_0827.png,52.540203,148.89282,29.013521,376.82736
image_0828.png,55.45458,129.87871,80.472404,380.9404
image_0829.png,58.150024,123.95578,31.565575,382.4295
image_0830.png,56.441006,134.55006,81.60343,382.63522
image_0831.png,55.585667,135.8054,30.761173,380.2398
image_0832.png,57.09407,138.14876,81.44665,382.62625
image_0833.png,57.083775,129.06381,30.919317,381.94803
image_0834.png,60.86795,152.85583,82.353905,383.61078
image_0835.png,52.874416,147.4721,29.343412,377.29358
image_0836.png,56.73928,136.35527,81.526535,382.67368
image_0837.png,55.929096,134.2931,30.20557,381.37256
image_0838.png,54.570522,124.31704,80.97833,381.21976
image_0839.png,57.987373,124.79758,31.257711,382.65216
image_0840.png,60.91701,153.22603,79.67539,381.95703
image_0841.png,52.460453,149.25168,29.035095,376.44995
image_0842.png,54.274246,122.409035,81.19644,381.37045
image_0843.png,57.98746,124.8065,31.1966,382.7301
image_0844.png,54.617287,124.55513,81.01466,381.27924
image_0845.png,57.05563,129.18271,30.984486,381.828
image_0846.png,54.343365,123.29607,80.6932,380.80765
image_0847.png,59.098705,119.15325,32.04367,382.62518
image_0848.png,55.123417,160.71626,27.313911,408.1001
image_0849.png,59.942177,114.97723,31.711594,383.61356
image_0850.png,60.39007,150.95361,81.46903,382.78632
image_0851.png,53.50505,144.89091,29.48925,378.813
image_0852.png,53.73281,119.70779,81.02629,381.0189
image_0853.png,59.80817,115.50401,32.12595,382.84964
image_0854.png,60.331913,150.8354,82.25641,383.49533
image_0855.png,53.559757,144.64374,29.59872,378.75247
image_0856.png,58.179657,142.41614,81.45413,382.53198
image_0857.png,54.844364,139.12134,30.259083,379.8651
image_0858.png,59.309334,149.68112,70.17866,376.33725
image_0859.png,53.639053,144.31532,31.094343,375.69827
image_0860.png,57.718628,140.62396,81.592674,382.75677
image_0861.png,52.69267,148.36038,29.82215,375.29352
image_0862.png,57.523914,139.89064,81.57437,382.76395
image_0863.png,55.90042,134.41151,30.27012,381.25027
image_0864.png,53.790787,120.01461,81.034225,381.0315
image_0865.png,59.759182,115.53541,32.336277,382.39185
image_0866.png,53.705948,119.53236,81.06314,381.0457
image_0867.png,59.475037,117.36218,31.516153,383.6395
image_0868.png,53.97389,121.047874,80.95661,380.99686
image_0869.png,59.03684,119.64312,31.529526,383.37247
image_0870.png,54.16842,122.08466,80.91297,381.00305
image_0871.png,56.03606,133.79773,30.555618,381.0813
image_0872.png,57.759445,140.83157,81.84891,383.13135
image_0873.png,55.54587,135.97397,30.390965,380.62088
image_0874.png,55.888454,131.87259,81.03716,381.76282
image_0875.png,55.7882,134.87323,31.292686,379.84647
image_0876.png,55.799633,131.231,81.18596,381.9052
image_0877.png,56.643173,131.01436,31.275133,380.9422
image_0878.png,53.625416,119.0029,81.14842,381.11584
image_0879.png,59.744984,115.9781,31.730478,383.5085
image_0880.png,56.624355,136.09909,81.07919,382.1046
image_0881.png,55.441113,136.44409,30.45378,380.40933
image_0882.png,57.79662,140.92726,81.57047,382.72034
image_0883.png,54.246555,141.78554,29.707296,379.72397
image_0884.png,58.625324,144.17119,81.744774,382.90222
image_0885.png,53.965275,143.03021,29.458296,379.62845
image_0886.png,57.561283,140.02562,81.55402,382.72635
image_0887.png,54.093113,142.43822,30.125023,378.9805
image_0888.png,54.341595,122.814026,81.17957,381.37457
image_0889.png,58.57807,121.88026,31.425573,383.03564
image_0890.png,54.49191,123.7774,81.07339,381.30356
image_0891.png,59.211884,118.62011,31.839832,382.99396
image_0892.png,65.725204,229.79718,30.501387,525.6989
image_0893.png,60.10335,114.00882,31.861414,383.3674
image_0894.png,56.070477,133.22314,80.69659,381.43027
image_0895.png,55.403645,136.62299,31.46188,379.16608
image_0896.png,57.973686,141.6291,81.7733,382.98828
image_0897.png,54.600094,140.18889,29.904102,379.94427
image_0898.png,54.98273,126.33598,81.39226,381.85327
image_0899.png,56.681374,130.8747,30.867981,381.5052
image_0900.png,59.833996,148.81342,81.745995,382.83337
image_0901.png,53.02453,146.74477,29.184193,378.27365
image_0902.png,60.401314,151.02782,82.069466,383.2465
image_0903.png,52.58994,148.68085,29.044712,376.945
image_0904.png,55.298225,127.91767,81.66738,382.28937
image_0905.png,59.828873,115.62165,31.393532,384.07666
image_0906.png,53.954754,120.70371,81.116936,381.1696
image_0907.png,59.46509,117.38238,31.714146,383.36365
image_0908.png,57.475292,139.69286,81.501755,382.66418
image_0909.png,55.533524,136.03557,30.807652,380.11267
image_0910.png,60.10164,149.86948,80.67465,382.18137
image_0911.png,52.998886,147.04054,30.129747,375.70193
image_0912.png,54.28427,122.66599,80.97218,381.1104
image_0913.png,58.211765,123.52441,32.032127,381.8301
image_0914.png,55.62851,130.16231,81.288574,381.9626
image_0915.png,55.98631,134.04546,30.121948,381.55206
image_0916.png,53.83032,120.32403,80.961655,380.96185
image_0917.png,59.672077,116.36782,31.620647,383.65155
image_0918.png,61.379826,154.92358,82.29128,383.47537
image_0919.png,52.806374,147.67001,28.921951,378.1013
image_0920.png,58.77822,144.76907,81.7415,382.88788
image_0921.png,54.093384,142.3039,30.580328,378.33484
image_0922.png,55.289406,128.1836,81.31015,381.86633
image_0923.png,57.9906,124.630005,32.00462,381.65558
image_0924.png,56.174454,133.60252,80.94579,381.76077
image_0925.png,54.079514,142.2905,30.86539,377.9223
image_0926.png,54.137264,121.86972,80.95152,381.0373
image_0927.png,58.10186,124.27532,31.169079,382.90826
image_0928.png,56.231052,133.90887,80.97198,381.81326
image_0929.png,52.510006,149.25572,30.044262,373.47925
image_0930.png,58.398598,143.25978,81.26623,382.25522
image_0931.png,53.499306,144.8351,29.707354,378.47748
image_0932.png,58.680122,144.36893,81.44155,382.47855
image_0933.png,53.721714,143.80237,30.38098,377.8902
image_0934.png,55.30214,128.41719,81.129974,381.6593
image_0935.png,58.451885,122.41247,31.797068,382.40436
image_0936.png,56.03267,132.6477,81.09042,381.87894
image_0937.png,56.042618,133.73216,31.566359,379.84988
image_0938.png,58.458557,143.52438,81.82141,383.02023
image_0939.png,54.425766,140.82695,31.221025,378.01968
image_0940.png,60.517296,151.59749,79.995224,381.96674
image_0941.png,52.00883,151.34108,29.192041,374.02917
image_0942.png,59.37948,147.11739,81.766106,382.8788
image_0943.png,51.838905,152.04814,28.877556,374.32642
image_0944.png,53.80484,119.922,81.13897,381.15176
image_0945.png,54.574924,124.39681,80.91597,381.14822
image_0946.png,58.01714,124.59523,31.635923,382.19846
image_0947.png,54.321045,122.6218,81.262146,381.4643
image_0948.png,57.845226,125.50478,30.960196,382.851
image_0949.png,55.562073,129.62386,81.464874,382.14554
image_0950.png,56.413048,132.08661,30.892706,381.14426
image_0951.png,59.999237,149.49876,81.952126,383.10275
image_0952.png,53.470245,145.04417,29.37618,378.89563
image_0953.png,59.82011,148.82034,81.90739,383.04892
image_0954.png,53.584118,144.59653,29.43172,379.03192
image_0955.png,59.179684,146.32748,81.57661,382.63092
image_0956.png,53.753963,143.87642,29.670738,379.00638
image_0957.png,58.094357,142.24767,77.95662,381.58875
image_0958.png,53.52833,144.76863,30.794127,376.05902
image_0959.png,58.794796,144.82994,81.69286,382.8183
image_0960.png,54.802395,139.29681,30.677393,379.2975
image_0961.png,55.200733,127.573814,81.418594,381.9621
image_0962.png,57.135735,128.80965,31.026329,381.87408
image_0963.png,54.437405,123.33458,81.217384,381.4532
image_0964.png,60.292786,113.28689,31.261486,384.45956
image_0965.png,54.0967,121.64918,80.96385,381.0395
image_0966.png,59.7851,115.79467,31.63289,383.67957
image_0967.png,59.91431,149.15805,81.88102,383.00986
image_0968.png,51.870686,151.91156,28.918482,374.34573
image_0969.png,53.658947,119.22346,81.11351,381.08688
image_0970.png,59.25066,118.46082,31.6744,383.2577
image_0971.png,59.74946,148.53064,81.828,382.94543
image_0972.png,53.685753,144.21736,29.409393,379.2553
image_0973.png,61.26702,155.01393,81.754654,382.2382
image_0974.png,51.718094,152.51903,28.567327,374.75015
image_0975.png,56.94052,137.48886,81.428474,382.60715
image_0976.png,56.073822,133.67549,30.11173,381.69763
image_0977.png,59.831493,148.88199,79.824295,381.57
image_0978.png,53.19333,146.0879,29.335247,378.40802
image_0979.png,59.785458,148.57193,81.35556,382.47552
image_0980.png,53.93892,142.91635,30.915813,377.3512
image_0981.png,55.228912,128.23479,80.85528,381.31012
image_0982.png,58.959785,119.97939,31.71612,383.04584
image_0983.png,60.139114,149.97847,81.18437,382.5074
image_0984.png,53.313305,145.60707,29.436852,378.49673
image_0985.png,55.766495,130.90997,81.33341,382.0664
image_0986.png,56.331326,132.44936,30.9373,380.98453
image_0987.png,55.87313,131.8639,80.95011,381.65448
image_0988.png,55.112946,137.91237,31.170269,379.12085
image_0989.png,54.0032,121.12631,81.00001,381.0534
image_0990.png,58.156185,123.96341,31.404593,382.65555
image_0991.png,59.726585,148.46864,81.897095,383.03668
image_0992.png,52.12625,150.7824,29.123108,374.899
image_0993.png,56.030296,132.2835,81.47874,382.33533
image_0994.png,55.94161,134.19261,31.004961,380.39618
image_0995.png,54.721252,125.1663,81.00466,381.30453
image_0996.png,57.490444,126.96848,32.446136,380.505
image_0997.png,56.030296,132.2835,81.47874,382.33533
image_0998.png,55.94161,134.19261,31.004961,380.39618
image_0999.png,54.326763,122.930046,80.951294,381.101
image_1000.png,58.87289,120.35705,31.909369,382.69577
